{
    "loss": 0.2097249908622821,
    "accuracy": 0.06545184083302343
}